Sharpe,CAGR,MaxDrawdown,TotalReturn
0.5739006615311566,0.07169815467890595,-0.1570085722934612,0.4657851069255208
